{
  "project_info": {
    "project_number": "602012822485",
    "firebase_url": "https://thuli-339c4.firebaseio.com",
    "project_id": "thuli-339c4",
    "storage_bucket": "thuli-339c4.appspot.com"
  },
  "client": [
    {
      "client_info": {
        "mobilesdk_app_id": "1:602012822485:android:195936156b817257",
        "android_client_info": {
          "package_name": "ghost.vrithika.com.thuli"
        }
      },
      "oauth_client": [
        {
          "client_id": "602012822485-1vk56cb6g0457agja1pbhloh35p2ccp7.apps.googleusercontent.com",
          "client_type": 1,
          "android_info": {
            "package_name": "ghost.vrithika.com.thuli",
            "certificate_hash": "6b2e400426b340d317090eaa885a327ba53c28a2"
          }
        },
        {
          "client_id": "602012822485-g0jamlmbupnffqeud8vg7ilgadb6bp23.apps.googleusercontent.com",
          "client_type": 3
        }
      ],
      "api_key": [
        {
          "current_key": "AIzaSyDkkMQnOp08ZJymkw8tuFlAcxMCQT-HF8w"
        }
      ],
      "services": {
        "analytics_service": {
          "status": 1
        },
        "appinvite_service": {
          "status": 2,
          "other_platform_oauth_client": [
            {
              "client_id": "602012822485-g0jamlmbupnffqeud8vg7ilgadb6bp23.apps.googleusercontent.com",
              "client_type": 3
            }
          ]
        },
        "ads_service": {
          "status": 2
        }
      }
    },
    {
      "client_info": {
        "mobilesdk_app_id": "1:602012822485:android:5a025930b26eabdf",
        "android_client_info": {
          "package_name": "ghost.vrithika.com.newthuli"
        }
      },
      "oauth_client": [
        {
          "client_id": "602012822485-sfeh14je96c7cu6558dpieppplm9r875.apps.googleusercontent.com",
          "client_type": 1,
          "android_info": {
            "package_name": "ghost.vrithika.com.newthuli",
            "certificate_hash": "6b2e400426b340d317090eaa885a327ba53c28a2"
          }
        },
        {
          "client_id": "602012822485-g0jamlmbupnffqeud8vg7ilgadb6bp23.apps.googleusercontent.com",
          "client_type": 3
        }
      ],
      "api_key": [
        {
          "current_key": "AIzaSyDkkMQnOp08ZJymkw8tuFlAcxMCQT-HF8w"
        }
      ],
      "services": {
        "analytics_service": {
          "status": 1
        },
        "appinvite_service": {
          "status": 2,
          "other_platform_oauth_client": [
            {
              "client_id": "602012822485-g0jamlmbupnffqeud8vg7ilgadb6bp23.apps.googleusercontent.com",
              "client_type": 3
            }
          ]
        },
        "ads_service": {
          "status": 2
        }
      }
    }
  ],
  "configuration_version": "1"
}